[
  {
    "anonymous": false,
    "inputs": [
      {
        "indexed": true,
        "internalType": "address",
        "name": "previousOwner",
        "type": "address"
      },
      {
        "indexed": true,
        "internalType": "address",
        "name": "newOwner",
        "type": "address"
      }
    ],
    "name": "OwnershipTransferred",
    "type": "event"
  },
  {
    "inputs": [
      {
        "internalType": "uint32",
        "name": "blockNumber",
        "type": "uint32"
      },
      {
        "internalType": "bytes32[]",
        "name": "proof",
        "type": "bytes32[]"
      },
      {
        "internalType": "uint256",
        "name": "width",
        "type": "uint256"
      },
      {
        "internalType": "uint256",
        "name": "index",
        "type": "uint256"
      },
      {
        "internalType": "bytes32",
        "name": "leaf",
        "type": "bytes32"
      }
    ],
    "name": "checkDataRootMembership",
    "outputs": [
      {
        "internalType": "bool",
        "name": "isMember",
        "type": "bool"
      }
    ],
    "stateMutability": "view",
    "type": "function"
  },
  {
    "inputs": [],
    "name": "owner",
    "outputs": [
      {
        "internalType": "address",
        "name": "",
        "type": "address"
      }
    ],
    "stateMutability": "view",
    "type": "function"
  },
  {
    "inputs": [],
    "name": "renounceOwnership",
    "outputs": [],
    "stateMutability": "nonpayable",
    "type": "function"
  },
  {
    "inputs": [
      {
        "internalType": "contract IDataAvailabilityRouter",
        "name": "_router",
        "type": "address"
      }
    ],
    "name": "setRouter",
    "outputs": [],
    "stateMutability": "nonpayable",
    "type": "function"
  },
  {
    "inputs": [
      {
        "internalType": "address",
        "name": "newOwner",
        "type": "address"
      }
    ],
    "name": "transferOwnership",
    "outputs": [],
    "stateMutability": "nonpayable",
    "type": "function"
  }
]
